2019-10-31 14:57:08 , 18.20
2019-10-31 14:57:14 , 18.30
2019-10-31 14:57:20 , 18.30
2019-10-31 14:57:26 , 18.30
2019-10-31 14:57:33 , 18.30
2019-10-31 14:57:41 , 18.20
2019-10-31 14:57:48 , 9.10
2019-10-31 14:57:54 , 18.20
2019-10-31 14:58:00 , 18.30
2019-10-31 14:58:07 , 18.30
2019-10-31 14:58:13 , 18.20
2019-10-31 14:58:19 , 18.20
2019-10-31 14:58:25 , 18.30
2019-10-31 14:58:32 , 18.20
2019-10-31 14:58:38 , 18.20
2019-10-31 14:58:44 , 18.20
2019-10-31 14:58:50 , 18.30
2019-10-31 14:58:57 , 18.20
2019-10-31 14:59:03 , 18.20
2019-10-31 14:59:09 , 18.20
2019-10-31 14:59:15 , 18.30
2019-10-31 14:59:22 , 18.20
2019-10-31 14:59:43 , 9.10
2019-10-31 15:00:14 , 18.30
2019-10-31 15:00:45 , 18.30
2019-10-31 15:01:16 , 18.20
2019-10-31 15:01:48 , 18.20
2019-10-31 15:02:22 , 18.20
2019-10-31 15:02:53 , 18.20
2019-10-31 15:03:24 , 18.30
2019-10-31 15:03:55 , 18.20
2019-10-31 15:04:27 , 18.20
2019-10-31 15:04:58 , 18.20
2019-10-31 15:05:29 , 18.20
2019-10-31 15:06:00 , 18.30
2019-10-31 15:06:32 , 18.30
2019-10-31 15:07:03 , 18.40
2019-10-31 15:07:34 , 18.40
2019-10-31 15:08:05 , 18.40
2019-10-31 15:08:37 , 18.40
2019-10-31 15:09:08 , 18.30
2019-10-31 15:09:39 , 18.30
2019-10-31 15:10:10 , 18.30
2019-10-31 15:10:42 , 18.20
2019-10-31 15:11:13 , 18.20
2019-10-31 15:11:44 , 18.10
2019-10-31 15:12:18 , 18.10
2019-10-31 15:12:49 , 18.10
2019-10-31 15:13:20 , 18.20
2019-10-31 15:13:52 , 18.20
2019-10-31 15:14:23 , 18.20
2019-10-31 15:14:54 , 18.20
2019-10-31 15:15:25 , 18.20
2019-10-31 15:15:57 , 18.30
2019-10-31 15:16:28 , 18.30
2019-10-31 15:16:59 , 18.40
2019-10-31 15:17:30 , 18.40
2019-10-31 15:18:02 , 18.40
2019-10-31 15:18:33 , 18.40
2019-10-31 15:19:04 , 18.50
2019-10-31 15:19:35 , 18.50
2019-10-31 15:20:07 , 18.60
2019-10-31 15:20:38 , 18.60
2019-10-31 15:21:09 , 18.60
2019-10-31 15:21:40 , 18.60
2019-10-31 15:22:12 , 18.60
2019-10-31 15:22:43 , 18.60
2019-10-31 15:23:14 , 18.60
2019-10-31 15:23:45 , 18.60
2019-10-31 15:24:17 , 18.60
2019-10-31 15:24:48 , 18.60
2019-10-31 15:25:22 , 18.60
2019-10-31 15:25:53 , 18.60
2019-10-31 15:26:24 , 18.60
2019-10-31 15:26:56 , 18.50
2019-10-31 15:27:27 , 18.50
2019-10-31 15:27:58 , 18.50
2019-10-31 15:28:29 , 18.50
2019-10-31 15:29:00 , 18.50
2019-10-31 15:29:32 , 18.40
2019-10-31 15:30:03 , 18.40
2019-10-31 15:30:37 , 18.30
2019-10-31 15:31:08 , 18.30
2019-10-31 15:31:39 , 18.30
2019-10-31 15:32:11 , 18.20
2019-10-31 15:32:42 , 18.20
2019-10-31 15:33:13 , 18.20
2019-10-31 15:33:44 , 18.20
2019-10-31 15:34:16 , 18.20
2019-10-31 15:34:47 , 18.20
2019-10-31 15:35:18 , 18.20
2019-10-31 15:35:49 , 18.10
2019-10-31 15:36:21 , 18.10
2019-10-31 15:36:54 , 18.20
2019-10-31 15:37:26 , 18.10
2019-10-31 15:37:57 , 18.20
2019-10-31 15:38:28 , 18.20
2019-10-31 15:38:59 , 18.20
2019-10-31 15:39:31 , 18.20
2019-10-31 15:40:02 , 18.20
2019-10-31 15:40:33 , 18.20
2019-10-31 15:41:04 , 18.20
2019-10-31 15:41:36 , 18.20
2019-10-31 15:42:07 , 18.20
2019-10-31 15:42:38 , 18.30
2019-10-31 15:43:09 , 18.30
2019-10-31 15:43:41 , 18.20
2019-10-31 15:44:12 , 18.30
2019-10-31 15:44:43 , 18.20
2019-10-31 15:45:17 , 18.20
2019-10-31 15:45:48 , 18.20
2019-10-31 15:46:19 , 18.20
2019-10-31 15:46:51 , 18.20
2019-10-31 15:47:22 , 18.20
2019-10-31 15:47:53 , 18.20
2019-10-31 15:48:25 , 18.20
2019-10-31 15:48:56 , 18.20
2019-10-31 15:49:27 , 18.20
2019-10-31 15:49:58 , 18.20
2019-10-31 15:50:30 , 18.20
2019-10-31 15:51:01 , 18.30
2019-10-31 15:51:32 , 18.30
2019-10-31 15:52:06 , 18.30
2019-10-31 15:52:37 , 18.20
2019-10-31 15:53:08 , 18.20
2019-10-31 15:53:40 , 18.20
2019-10-31 15:54:11 , 18.10
2019-10-31 15:54:42 , 18.10
2019-10-31 15:55:13 , 18.10
2019-10-31 15:55:45 , 18.10
2019-10-31 15:56:16 , 18.10
2019-10-31 15:56:47 , 18.10
2019-10-31 15:57:18 , 18.10
2019-10-31 15:57:50 , 18.10
2019-10-31 15:58:21 , 18.10
2019-10-31 15:58:52 , 18.10
2019-10-31 15:59:23 , 18.10
2019-10-31 15:59:55 , 18.10
2019-10-31 16:00:26 , 18.10
2019-10-31 16:00:57 , 18.10
2019-10-31 16:01:28 , 18.10
2019-10-31 16:02:00 , 18.10
2019-10-31 16:02:31 , 18.10
2019-10-31 16:03:02 , 18.10
2019-10-31 16:03:33 , 18.00
2019-10-31 16:04:05 , 18.00
2019-10-31 16:04:36 , 18.00
2019-10-31 16:05:07 , 18.00
2019-10-31 16:05:38 , 18.00
2019-10-31 16:06:10 , 18.00
2019-10-31 16:06:41 , 18.00
2019-10-31 16:07:12 , 18.00
2019-10-31 16:07:43 , 18.00
2019-10-31 16:08:15 , 18.00
2019-10-31 16:08:46 , 18.00
2019-10-31 16:09:17 , 18.00
2019-10-31 16:09:48 , 18.10
2019-10-31 16:10:20 , 18.10
2019-10-31 16:10:51 , 18.10
2019-10-31 16:11:22 , 18.20
2019-10-31 16:11:53 , 18.20
2019-10-31 16:12:25 , 18.20
2019-10-31 16:12:56 , 18.20
2019-10-31 16:13:27 , 18.30
2019-10-31 16:13:58 , 18.30
2019-10-31 16:14:30 , 18.30
2019-10-31 16:15:01 , 18.30
2019-10-31 16:15:35 , 18.30
2019-10-31 16:16:06 , 18.30
2019-10-31 16:16:37 , 18.40
2019-10-31 16:17:09 , 18.40
2019-10-31 16:17:40 , 18.40
2019-10-31 16:18:11 , 18.40
2019-10-31 16:18:42 , 18.40
2019-10-31 16:19:14 , 18.40
2019-10-31 16:19:45 , 18.40
2019-10-31 16:20:16 , 18.50
2019-10-31 16:20:47 , 18.40
2019-10-31 16:21:19 , 18.50
2019-10-31 16:21:50 , 18.40
2019-10-31 16:22:21 , 18.40
2019-10-31 16:22:52 , 18.50
2019-10-31 16:23:24 , 18.40
2019-10-31 16:23:55 , 18.40
2019-10-31 16:24:26 , 18.40
2019-10-31 16:24:57 , 18.40
2019-10-31 16:25:29 , 18.40
2019-10-31 16:26:00 , 18.30
2019-10-31 16:26:31 , 18.30
2019-10-31 16:27:02 , 18.30
2019-10-31 16:27:34 , 18.30
2019-10-31 16:28:05 , 18.30
2019-10-31 16:28:36 , 18.30
2019-10-31 16:29:07 , 18.30
2019-10-31 16:29:39 , 18.30
2019-10-31 16:30:10 , 18.30
2019-10-31 16:30:41 , 18.30
2019-10-31 16:31:12 , 18.30
2019-10-31 16:31:44 , 18.30
2019-10-31 16:32:15 , 18.30
2019-10-31 16:32:46 , 18.30
2019-10-31 16:33:17 , 18.30
2019-10-31 16:33:54 , 18.30
2019-10-31 16:34:25 , 18.20
2019-10-31 16:34:56 , 18.20
2019-10-31 16:35:27 , 18.20
2019-10-31 16:35:59 , 18.20
2019-10-31 16:36:30 , 18.20
2019-10-31 16:37:01 , 18.20
2019-10-31 16:37:32 , 18.20
2019-10-31 16:38:04 , 18.20
2019-10-31 16:38:35 , 18.20
2019-10-31 16:39:06 , 18.20
2019-10-31 16:39:37 , 18.20
2019-10-31 16:40:09 , 18.20
2019-10-31 16:40:40 , 18.10
2019-10-31 16:41:11 , 18.10
2019-10-31 16:41:42 , 18.10
2019-10-31 16:42:14 , 18.10
2019-10-31 16:42:48 , 18.00
2019-10-31 16:43:19 , 18.10
2019-10-31 16:43:53 , 18.10
2019-10-31 16:44:24 , 18.00
2019-10-31 16:44:55 , 18.00
2019-10-31 16:45:26 , 18.00
2019-10-31 16:45:58 , 18.00
2019-10-31 16:46:29 , 18.00
2019-10-31 16:47:03 , 18.00
2019-10-31 16:47:34 , 17.90
2019-10-31 16:48:05 , 17.90
2019-10-31 16:48:39 , 17.90
2019-10-31 16:49:10 , 17.90
2019-10-31 16:49:42 , 17.90
2019-10-31 16:50:13 , 17.90
2019-10-31 16:50:44 , 17.80
2019-10-31 16:51:18 , 17.80
2019-10-31 16:51:49 , 17.80
2019-10-31 16:52:20 , 17.80
2019-10-31 16:52:54 , 17.90
2019-10-31 16:53:25 , 17.80
2019-10-31 16:53:57 , 17.80
2019-10-31 16:54:28 , 17.80
2019-10-31 16:54:59 , 17.80
2019-10-31 16:55:30 , 17.80
2019-10-31 16:56:02 , 17.80
2019-10-31 16:56:33 , 17.80
2019-10-31 16:57:04 , 17.80
2019-10-31 16:57:35 , 17.80
2019-10-31 16:58:07 , 17.80
2019-10-31 16:58:38 , 17.80
2019-10-31 16:59:09 , 17.80
2019-10-31 16:59:40 , 17.80
2019-10-31 17:00:12 , 17.80
2019-10-31 17:00:43 , 17.70
2019-10-31 17:01:14 , 17.70
2019-10-31 17:01:46 , 17.70
2019-10-31 17:02:17 , 17.70
2019-10-31 17:02:48 , 17.70
2019-10-31 17:03:19 , 17.60
2019-10-31 17:03:53 , 17.70
2019-10-31 17:04:24 , 17.60
2019-10-31 17:04:56 , 17.70
2019-10-31 17:05:27 , 17.70
2019-10-31 17:05:58 , 17.60
2019-10-31 17:06:29 , 17.70
2019-10-31 17:07:01 , 17.70
2019-10-31 17:07:32 , 17.70
2019-10-31 17:08:03 , 17.70
2019-10-31 17:08:34 , 17.70
2019-10-31 17:09:06 , 17.70
2019-10-31 17:09:37 , 17.80
2019-10-31 17:10:08 , 17.80
2019-10-31 17:10:42 , 17.80
2019-10-31 17:11:13 , 17.80
2019-10-31 17:11:44 , 17.80
2019-10-31 17:12:16 , 17.80
2019-10-31 17:12:47 , 17.80
2019-10-31 17:13:18 , 17.80
2019-10-31 17:13:49 , 17.70
2019-10-31 17:14:21 , 17.70
2019-10-31 17:14:52 , 17.60
2019-10-31 17:15:23 , 17.60
2019-10-31 17:15:54 , 17.50
2019-10-31 17:16:26 , 17.50
2019-10-31 17:17:00 , 17.40
2019-10-31 17:17:31 , 17.40
2019-10-31 17:18:02 , 17.40
2019-10-31 17:18:33 , 17.40
2019-10-31 17:19:05 , 17.40
2019-10-31 17:19:36 , 17.40
2019-10-31 17:20:07 , 17.40
2019-10-31 17:20:38 , 17.40
2019-10-31 17:21:10 , 17.40
2019-10-31 17:21:41 , 17.40
2019-10-31 17:22:12 , 17.40
2019-10-31 17:22:43 , 17.40
2019-10-31 17:23:15 , 17.40
2019-10-31 17:23:46 , 17.40
2019-10-31 17:24:17 , 17.40
2019-10-31 17:24:51 , 17.40
2019-10-31 17:25:22 , 17.40
2019-10-31 17:25:53 , 17.30
2019-10-31 17:26:25 , 17.40
2019-10-31 17:26:56 , 17.40
2019-10-31 17:27:27 , 17.40
2019-10-31 17:27:58 , 17.40
2019-10-31 17:28:30 , 17.40
2019-10-31 17:29:01 , 17.40
2019-10-31 17:29:32 , 17.40
2019-10-31 17:30:03 , 17.40
2019-10-31 17:30:35 , 17.40
2019-10-31 17:31:06 , 17.50
2019-10-31 17:31:37 , 17.40
2019-10-31 17:32:08 , 17.50
2019-10-31 17:32:40 , 17.50
2019-10-31 17:33:11 , 17.50
2019-10-31 17:33:42 , 17.50
2019-10-31 17:34:13 , 17.50
2019-10-31 17:34:47 , 17.50
2019-10-31 17:35:19 , 17.50
2019-10-31 17:35:50 , 17.50
2019-10-31 17:36:21 , 17.50
2019-10-31 17:36:52 , 17.50
2019-10-31 17:37:24 , 17.70
2019-10-31 17:37:55 , 17.80
2019-10-31 17:38:26 , 18.00
2019-10-31 17:38:57 , 18.10
2019-10-31 17:39:29 , 18.30
2019-10-31 17:40:00 , 18.40
2019-10-31 17:40:31 , 18.50
2019-10-31 17:41:02 , 18.60
2019-10-31 17:41:34 , 18.70
2019-10-31 17:42:05 , 18.80
2019-10-31 17:42:39 , 18.90
2019-10-31 17:43:15 , 19.00
2019-10-31 17:43:46 , 19.00
2019-10-31 17:44:18 , 19.00
2019-10-31 17:44:49 , 19.10
2019-10-31 17:45:20 , 19.10
2019-10-31 17:45:51 , 19.10
2019-10-31 17:46:23 , 19.10
2019-10-31 17:46:56 , 19.20
2019-10-31 17:47:30 , 19.20
2019-10-31 17:48:01 , 19.20
2019-10-31 17:48:35 , 19.20
2019-10-31 17:49:07 , 19.20
2019-10-31 17:49:40 , 19.20
2019-10-31 17:50:12 , 19.20
2019-10-31 17:50:43 , 19.20
2019-10-31 17:51:14 , 19.20
2019-10-31 17:51:45 , 19.20
2019-10-31 17:52:17 , 19.20
2019-10-31 17:52:48 , 19.20
2019-10-31 17:53:19 , 19.20
2019-10-31 17:53:50 , 19.20
2019-10-31 17:54:22 , 19.20
2019-10-31 17:54:53 , 19.20
2019-10-31 17:55:24 , 19.20
2019-10-31 17:55:58 , 19.20
2019-10-31 17:56:29 , 19.10
2019-10-31 17:57:00 , 19.20
2019-10-31 17:57:32 , 19.20
2019-10-31 17:58:03 , 19.20
2019-10-31 17:58:34 , 19.20
2019-10-31 17:59:05 , 19.20
2019-10-31 17:59:37 , 19.20
2019-10-31 18:00:08 , 19.20
2019-10-31 18:00:39 , 19.20
2019-10-31 18:01:10 , 19.20
2019-10-31 18:01:42 , 19.20
2019-10-31 18:02:13 , 19.20
2019-10-31 18:02:44 , 19.20
2019-10-31 18:03:16 , 19.20
2019-10-31 18:03:47 , 19.20
2019-10-31 18:04:18 , 19.20
2019-10-31 18:04:49 , 19.20
2019-10-31 18:05:23 , 19.20
2019-10-31 18:05:54 , 19.20
2019-10-31 18:06:26 , 19.20
2019-10-31 18:06:57 , 19.20
2019-10-31 18:07:28 , 19.20
2019-10-31 18:07:59 , 19.20
2019-10-31 18:08:31 , 19.20
2019-10-31 18:09:02 , 19.20
2019-10-31 18:09:33 , 19.20
2019-10-31 18:10:04 , 19.10
2019-10-31 18:10:36 , 19.10
2019-10-31 18:11:12 , 19.10
2019-10-31 18:11:43 , 19.10
2019-10-31 18:12:14 , 19.10
2019-10-31 18:12:46 , 19.10
2019-10-31 18:13:20 , 19.10
2019-10-31 18:13:51 , 19.10
2019-10-31 18:14:22 , 19.10
2019-10-31 18:14:53 , 19.20
2019-10-31 18:15:25 , 19.10
2019-10-31 18:15:56 , 19.10
2019-10-31 18:16:27 , 19.10
2019-10-31 18:16:58 , 19.20
2019-10-31 18:17:30 , 19.60
2019-10-31 18:18:01 , 19.70
2019-10-31 18:18:32 , 19.80
2019-10-31 18:19:03 , 19.80
2019-10-31 18:19:35 , 19.70
2019-10-31 18:20:06 , 19.70
2019-10-31 18:20:37 , 19.60
2019-10-31 18:21:08 , 19.60
2019-10-31 18:21:40 , 19.50
2019-10-31 18:22:11 , 19.50
2019-10-31 18:22:42 , 19.40
2019-10-31 18:23:13 , 19.40
2019-10-31 18:23:47 , 19.30
2019-10-31 18:24:18 , 19.30
2019-10-31 18:24:50 , 19.30
2019-10-31 18:25:21 , 19.30
2019-10-31 18:25:52 , 19.20
2019-10-31 18:26:23 , 19.20
2019-10-31 18:26:55 , 19.20
2019-10-31 18:27:26 , 19.20
2019-10-31 18:27:57 , 19.20
2019-10-31 18:28:28 , 19.20
2019-10-31 18:29:00 , 19.10
2019-10-31 18:29:31 , 19.10
2019-10-31 18:30:02 , 19.10
2019-10-31 18:30:33 , 19.10
2019-10-31 18:31:05 , 19.10
2019-10-31 18:31:36 , 19.10
2019-10-31 18:32:07 , 19.10
2019-10-31 18:32:38 , 19.10
2019-10-31 18:33:10 , 19.10
2019-10-31 18:33:41 , 19.10
2019-10-31 18:34:12 , 19.10
2019-10-31 18:34:43 , 19.10
2019-10-31 18:35:15 , 19.10
2019-10-31 18:35:46 , 19.10
2019-10-31 18:36:17 , 19.10
2019-10-31 18:36:49 , 19.10
2019-10-31 18:37:20 , 19.00
2019-10-31 18:37:51 , 19.00
2019-10-31 18:38:22 , 19.00
2019-10-31 18:38:56 , 19.00
2019-10-31 18:39:27 , 19.00
2019-10-31 18:39:59 , 19.00
2019-10-31 18:40:30 , 18.90
2019-10-31 18:41:01 , 18.90
2019-10-31 18:41:32 , 18.90
2019-10-31 18:42:04 , 18.90
2019-10-31 18:42:35 , 18.90
2019-10-31 18:43:06 , 18.90
2019-10-31 18:43:37 , 18.90
2019-10-31 18:44:09 , 18.90
2019-10-31 18:44:40 , 18.90
2019-10-31 18:45:11 , 18.90
2019-10-31 18:45:42 , 18.90
2019-10-31 18:46:14 , 18.90
2019-10-31 18:46:45 , 18.80
2019-10-31 18:47:16 , 18.80
2019-10-31 18:47:47 , 18.80
2019-10-31 18:48:21 , 18.80
2019-10-31 18:48:53 , 18.80
2019-10-31 18:49:24 , 18.80
2019-10-31 18:49:55 , 18.80
2019-10-31 18:50:26 , 18.80
2019-10-31 18:50:58 , 18.70
2019-10-31 18:51:31 , 18.80
2019-10-31 18:52:03 , 18.70
2019-10-31 18:52:34 , 18.70
2019-10-31 18:53:05 , 18.70
2019-10-31 18:53:36 , 18.70
2019-10-31 18:54:10 , 18.70
2019-10-31 18:54:41 , 18.70
2019-10-31 18:55:13 , 18.70
2019-10-31 18:55:44 , 18.70
2019-10-31 18:56:15 , 18.80
2019-10-31 18:56:52 , 18.80
2019-10-31 18:57:23 , 18.70
2019-10-31 18:57:54 , 18.70
2019-10-31 18:58:25 , 18.70
2019-10-31 18:58:57 , 18.80
2019-10-31 18:59:28 , 18.80
2019-10-31 18:59:59 , 18.70
2019-10-31 19:00:30 , 18.70
2019-10-31 19:01:02 , 18.70
2019-10-31 19:01:33 , 18.70
2019-10-31 19:02:04 , 18.70
2019-10-31 19:02:35 , 18.70
2019-10-31 19:03:07 , 18.70
2019-10-31 19:03:38 , 18.70
2019-10-31 19:04:09 , 18.70
2019-10-31 19:04:43 , 18.70
2019-10-31 19:05:14 , 18.70
2019-10-31 19:05:45 , 18.70
2019-10-31 19:06:17 , 18.70
2019-10-31 19:06:48 , 18.70
2019-10-31 19:07:19 , 18.70
2019-10-31 19:07:50 , 18.70
2019-10-31 19:08:22 , 18.70
2019-10-31 19:08:53 , 18.70
2019-10-31 19:09:24 , 18.70
2019-10-31 19:09:55 , 18.70
2019-10-31 19:10:27 , 18.70
2019-10-31 19:10:58 , 18.60
2019-10-31 19:11:29 , 18.60
2019-10-31 19:12:00 , 18.60
2019-10-31 19:12:32 , 18.60
2019-10-31 19:13:03 , 18.60
2019-10-31 19:13:34 , 18.60
2019-10-31 19:14:06 , 18.60
2019-10-31 19:14:37 , 18.60
2019-10-31 19:15:08 , 18.60
2019-10-31 19:15:39 , 18.60
2019-10-31 19:16:11 , 18.60
2019-10-31 19:16:42 , 18.60
2019-10-31 19:17:16 , 18.60
2019-10-31 19:17:47 , 18.50
2019-10-31 19:18:18 , 18.50
2019-10-31 19:18:49 , 18.60
2019-10-31 19:19:21 , 18.60
2019-10-31 19:19:52 , 18.60
2019-10-31 19:20:23 , 18.50
2019-10-31 19:20:54 , 18.50
2019-10-31 19:21:26 , 18.50
2019-10-31 19:21:57 , 18.50
2019-10-31 19:22:28 , 18.50
2019-10-31 19:22:59 , 18.50
2019-10-31 19:23:31 , 18.50
2019-10-31 19:24:02 , 18.50
2019-10-31 19:24:33 , 18.50
2019-10-31 19:25:05 , 18.40
2019-10-31 19:25:36 , 18.50
2019-10-31 19:26:07 , 18.40
2019-10-31 19:26:38 , 18.40
2019-10-31 19:27:10 , 18.40
2019-10-31 19:27:41 , 18.40
2019-10-31 19:28:12 , 18.40
2019-10-31 19:28:43 , 18.50
2019-10-31 19:29:15 , 18.50
2019-10-31 19:29:46 , 18.40
2019-10-31 19:30:17 , 18.50
2019-10-31 19:30:48 , 18.50
2019-10-31 19:31:20 , 18.50
2019-10-31 19:31:51 , 18.50
2019-10-31 19:32:25 , 18.50
2019-10-31 19:32:56 , 18.40
2019-10-31 19:33:27 , 18.50
2019-10-31 19:33:58 , 18.50
2019-10-31 19:34:30 , 18.40
2019-10-31 19:35:01 , 18.50
2019-10-31 19:35:32 , 18.50
2019-10-31 19:36:03 , 18.40
2019-10-31 19:36:35 , 18.50
2019-10-31 19:37:06 , 18.40
2019-10-31 19:37:37 , 18.40
2019-10-31 19:38:08 , 18.40
2019-10-31 19:38:40 , 18.40
2019-10-31 19:39:11 , 18.40
2019-10-31 19:39:42 , 18.40
2019-10-31 19:40:13 , 18.40
2019-10-31 19:40:45 , 18.40
2019-10-31 19:41:16 , 18.40
2019-10-31 19:41:47 , 18.40
2019-10-31 19:42:19 , 18.40
2019-10-31 19:42:50 , 18.40
2019-10-31 19:43:21 , 18.40
2019-10-31 19:43:52 , 18.40
2019-10-31 19:44:24 , 18.40
2019-10-31 19:44:55 , 18.40
2019-10-31 19:45:29 , 18.40
2019-10-31 19:46:00 , 18.40
2019-10-31 19:46:31 , 18.40
2019-10-31 19:47:02 , 18.40
2019-10-31 19:47:34 , 18.40
2019-10-31 19:48:05 , 18.40
2019-10-31 19:48:36 , 18.40
2019-10-31 19:49:07 , 18.40
2019-10-31 19:49:39 , 18.40
2019-10-31 19:50:12 , 18.40
2019-10-31 19:50:44 , 18.40
2019-10-31 19:51:15 , 18.40
2019-10-31 19:51:46 , 18.40
2019-10-31 19:52:17 , 18.40
2019-10-31 19:52:49 , 18.40
2019-10-31 19:53:20 , 18.40
2019-10-31 19:53:51 , 18.40
2019-10-31 19:54:25 , 18.40
2019-10-31 19:54:56 , 18.40
2019-10-31 19:55:28 , 18.40
2019-10-31 19:55:59 , 18.40
2019-10-31 19:56:30 , 18.40
2019-10-31 19:57:01 , 18.40
2019-10-31 19:57:33 , 18.40
2019-10-31 19:58:04 , 18.40
2019-10-31 19:58:35 , 18.40
2019-10-31 19:59:06 , 18.40
2019-10-31 19:59:38 , 18.40
2019-10-31 20:00:09 , 18.40
2019-10-31 20:00:40 , 18.40
2019-10-31 20:01:14 , 18.30
2019-10-31 20:01:45 , 18.30
2019-10-31 20:02:16 , 18.30
2019-10-31 20:02:50 , 18.40
2019-10-31 20:03:24 , 18.40
2019-10-31 20:03:55 , 18.30
2019-10-31 20:04:27 , 18.30
2019-10-31 20:04:58 , 18.40
2019-10-31 20:05:29 , 18.40
2019-10-31 20:06:00 , 18.40
2019-10-31 20:06:32 , 18.40
2019-10-31 20:07:03 , 18.40
2019-10-31 20:07:34 , 18.40
2019-10-31 20:08:05 , 18.40
2019-10-31 20:08:37 , 18.40
2019-10-31 20:09:08 , 18.40
2019-10-31 20:09:39 , 18.40
2019-10-31 20:10:10 , 18.30
2019-10-31 20:10:42 , 18.40
2019-10-31 20:11:13 , 18.30
2019-10-31 20:11:44 , 18.40
2019-10-31 20:12:15 , 18.30
2019-10-31 20:12:47 , 18.30
2019-10-31 20:13:18 , 18.30
2019-10-31 20:13:52 , 18.30
2019-10-31 20:14:23 , 18.30
2019-10-31 20:14:54 , 18.30
2019-10-31 20:15:25 , 18.30
2019-10-31 20:15:57 , 18.30
2019-10-31 20:16:28 , 18.30
2019-10-31 20:17:02 , 18.30
2019-10-31 20:17:33 , 18.30
2019-10-31 20:18:04 , 18.30
2019-10-31 20:18:35 , 18.30
2019-10-31 20:19:07 , 18.30
2019-10-31 20:19:38 , 18.30
2019-10-31 20:20:09 , 18.30
2019-10-31 20:20:40 , 18.30
2019-10-31 20:21:12 , 18.30
2019-10-31 20:21:46 , 18.30
2019-10-31 20:22:17 , 18.30
2019-10-31 20:22:48 , 18.30
2019-10-31 20:23:19 , 18.30
2019-10-31 20:23:51 , 18.30
2019-10-31 20:24:22 , 18.30
2019-10-31 20:24:53 , 18.30
2019-10-31 20:25:24 , 18.30
2019-10-31 20:25:56 , 18.30
2019-10-31 20:26:27 , 18.30
2019-10-31 20:26:58 , 18.30
2019-10-31 20:27:32 , 18.30
2019-10-31 20:28:03 , 18.20
2019-10-31 20:28:34 , 18.30
2019-10-31 20:29:06 , 18.20
2019-10-31 20:29:37 , 18.30
2019-10-31 20:30:08 , 18.20
2019-10-31 20:30:39 , 18.20
2019-10-31 20:31:11 , 18.20
2019-10-31 20:31:42 , 9.10
2019-10-31 20:32:13 , 18.20
2019-10-31 20:32:44 , 18.20
2019-10-31 20:33:16 , 18.10
2019-10-31 20:33:47 , 18.10
2019-10-31 20:34:18 , 18.10
2019-10-31 20:34:49 , 18.10
2019-10-31 20:35:21 , 18.10
2019-10-31 20:35:52 , 18.10
2019-10-31 20:36:23 , 18.10
2019-10-31 20:36:55 , 18.10
2019-10-31 20:37:26 , 18.10
2019-10-31 20:37:57 , 18.00
2019-10-31 20:38:28 , 18.00
2019-10-31 20:39:00 , 18.00
2019-10-31 20:39:31 , 18.00
2019-10-31 20:40:02 , 18.00
2019-10-31 20:40:33 , 18.00
2019-10-31 20:41:05 , 18.00
2019-10-31 20:41:36 , 18.00
2019-10-31 20:42:07 , 17.90
2019-10-31 20:42:38 , 17.90
2019-10-31 20:43:10 , 17.90
2019-10-31 20:43:41 , 17.90
2019-10-31 20:44:12 , 17.90
2019-10-31 20:44:43 , 17.90
2019-10-31 20:45:15 , 17.90
2019-10-31 20:45:46 , 17.90
2019-10-31 20:46:17 , 17.80
2019-10-31 20:46:48 , 17.90
2019-10-31 20:47:20 , 17.90
2019-10-31 20:47:51 , 17.80
2019-10-31 20:48:22 , 17.80
2019-10-31 20:48:53 , 17.80
2019-10-31 20:49:25 , 17.80
2019-10-31 20:49:56 , 17.80
2019-10-31 20:50:27 , 17.80
2019-10-31 20:50:58 , 17.80
2019-10-31 20:51:30 , 17.80
2019-10-31 20:52:01 , 17.80
2019-10-31 20:52:32 , 17.80
2019-10-31 20:53:03 , 17.80
2019-10-31 20:53:35 , 17.70
2019-10-31 20:54:06 , 17.70
2019-10-31 20:54:37 , 17.70
2019-10-31 20:55:08 , 17.70
2019-10-31 20:55:40 , 17.70
2019-10-31 20:56:11 , 17.70
2019-10-31 20:56:42 , 17.70
2019-10-31 20:57:13 , 17.70
2019-10-31 20:57:45 , 17.70
2019-10-31 20:58:16 , 17.70
2019-10-31 20:58:47 , 17.70
2019-10-31 20:59:23 , 17.60
2019-10-31 20:59:55 , 17.60
2019-10-31 21:00:26 , 17.60
2019-10-31 21:00:57 , 17.60
2019-10-31 21:01:28 , 17.60
2019-10-31 21:02:00 , 17.60
2019-10-31 21:02:31 , 17.60
2019-10-31 21:03:02 , 17.60
2019-10-31 21:03:34 , 17.60
2019-10-31 21:04:05 , 17.60
2019-10-31 21:04:36 , 17.60
2019-10-31 21:05:07 , 17.60
2019-10-31 21:05:39 , 17.50
2019-10-31 21:06:10 , 17.60
2019-10-31 21:06:41 , 17.50
2019-10-31 21:07:12 , 17.50
2019-10-31 21:07:44 , 17.50
2019-10-31 21:08:15 , 17.50
2019-10-31 21:08:46 , 17.50
2019-10-31 21:09:17 , 17.50
2019-10-31 21:09:49 , 17.50
2019-10-31 21:10:20 , 17.50
2019-10-31 21:10:51 , 17.50
2019-10-31 21:11:22 , 17.40
2019-10-31 21:11:54 , 17.40
2019-10-31 21:12:27 , 17.40
2019-10-31 21:12:59 , 17.40
2019-10-31 21:13:30 , 17.40
2019-10-31 21:14:01 , 17.40
2019-10-31 21:14:32 , 17.40
2019-10-31 21:15:04 , 17.40
2019-10-31 21:15:35 , 17.40
2019-10-31 21:16:06 , 17.40
2019-10-31 21:16:37 , 17.40
2019-10-31 21:17:09 , 17.40
2019-10-31 21:17:40 , 17.40
2019-10-31 21:18:14 , 17.40
2019-10-31 21:18:45 , 8.70
2019-10-31 21:19:16 , 17.40
2019-10-31 21:19:48 , 17.40
2019-10-31 21:20:19 , 17.40
2019-10-31 21:20:53 , 17.40
2019-10-31 21:21:24 , 17.30
2019-10-31 21:21:55 , 17.30
2019-10-31 21:22:26 , 17.30
2019-10-31 21:22:58 , 17.30
2019-10-31 21:23:29 , 17.30
2019-10-31 21:24:00 , 17.30
2019-10-31 21:24:31 , 17.30
2019-10-31 21:25:03 , 17.30
2019-10-31 21:25:34 , 17.30
2019-10-31 21:26:05 , 17.30
2019-10-31 21:26:36 , 17.30
2019-10-31 21:27:08 , 17.30
2019-10-31 21:27:39 , 17.30
2019-10-31 21:28:10 , 17.30
2019-10-31 21:28:41 , 17.30
2019-10-31 21:29:13 , 17.20
2019-10-31 21:29:44 , 8.60
2019-10-31 21:30:15 , 17.20
2019-10-31 21:30:46 , 17.20
2019-10-31 21:31:18 , 17.20
2019-10-31 21:31:49 , 17.20
2019-10-31 21:32:20 , 17.20
2019-10-31 21:32:51 , 17.20
2019-10-31 21:33:23 , 17.20
2019-10-31 21:33:54 , 17.20
2019-10-31 21:34:25 , 17.20
2019-10-31 21:34:56 , 17.20
2019-10-31 21:35:28 , 17.20
2019-10-31 21:35:59 , 17.10
2019-10-31 21:36:30 , 17.10
2019-10-31 21:37:02 , 17.20
2019-10-31 21:37:33 , 17.10
2019-10-31 21:38:04 , 17.10
2019-10-31 21:38:35 , 17.10
2019-10-31 21:39:07 , 17.10
2019-10-31 21:39:38 , 17.10
2019-10-31 21:40:12 , 17.10
2019-10-31 21:40:43 , 17.10
2019-10-31 21:41:14 , 17.10
2019-10-31 21:41:45 , 17.10
2019-10-31 21:42:17 , 17.10
2019-10-31 21:42:48 , 17.10
2019-10-31 21:43:19 , 17.10
2019-10-31 21:43:50 , 17.10
2019-10-31 21:44:22 , 17.10
2019-10-31 21:44:53 , 17.00
2019-10-31 21:45:24 , 17.00
2019-10-31 21:45:55 , 17.10
2019-10-31 21:46:27 , 17.00
2019-10-31 21:46:58 , 17.00
2019-10-31 21:47:29 , 17.00
2019-10-31 21:48:00 , 17.00
2019-10-31 21:48:32 , 17.00
2019-10-31 21:49:03 , 17.00
2019-10-31 21:49:37 , 17.00
2019-10-31 21:50:08 , 17.00
2019-10-31 21:50:39 , 17.00
2019-10-31 21:51:10 , 17.00
2019-10-31 21:51:42 , 17.00
2019-10-31 21:52:13 , 17.00
2019-10-31 21:52:47 , 17.00
2019-10-31 21:53:18 , 16.90
2019-10-31 21:53:49 , 17.00
2019-10-31 21:54:21 , 16.90
2019-10-31 21:54:52 , 16.90
2019-10-31 21:55:23 , 16.90
2019-10-31 21:55:54 , 16.90
2019-10-31 21:56:26 , 16.90
2019-10-31 21:56:57 , 16.90
2019-10-31 21:57:31 , 16.90
2019-10-31 21:58:02 , 16.90
2019-10-31 21:58:33 , 16.90
2019-10-31 21:59:04 , 16.90
2019-10-31 21:59:36 , 16.90
2019-10-31 22:00:07 , 16.90
2019-10-31 22:00:38 , 16.90
2019-10-31 22:01:09 , 16.90
2019-10-31 22:01:41 , 16.90
2019-10-31 22:02:12 , 16.90
2019-10-31 22:02:43 , 16.90
2019-10-31 22:03:14 , 16.80
2019-10-31 22:03:46 , 16.80
2019-10-31 22:04:17 , 16.80
2019-10-31 22:04:48 , 16.80
2019-10-31 22:05:19 , 16.80
2019-10-31 22:05:51 , 16.80
2019-10-31 22:06:22 , 16.80
2019-10-31 22:06:53 , 16.80
2019-10-31 22:07:24 , 16.80
2019-10-31 22:07:56 , 16.80
2019-10-31 22:08:27 , 16.80
2019-10-31 22:08:58 , 16.80
2019-10-31 22:09:29 , 16.80
2019-10-31 22:10:01 , 16.80
2019-10-31 22:10:32 , 16.70
2019-10-31 22:11:03 , 16.70
2019-10-31 22:11:34 , 16.70
2019-10-31 22:12:06 , 16.60
2019-10-31 22:12:37 , 16.60
2019-10-31 22:13:08 , 16.60
2019-10-31 22:13:39 , 16.60
2019-10-31 22:14:11 , 16.60
2019-10-31 22:14:42 , 16.60
2019-10-31 22:15:13 , 16.60
2019-10-31 22:15:44 , 16.60
2019-10-31 22:16:16 , 16.60
2019-10-31 22:16:47 , 16.50
2019-10-31 22:17:18 , 8.30
2019-10-31 22:17:49 , 16.60
2019-10-31 22:18:21 , 16.50
2019-10-31 22:18:52 , 16.50
2019-10-31 22:19:23 , 16.60
2019-10-31 22:19:54 , 16.60
2019-10-31 22:20:26 , 16.60
2019-10-31 22:20:57 , 16.50
2019-10-31 22:21:28 , 16.50
2019-10-31 22:21:59 , 16.50
2019-10-31 22:22:31 , 16.50
2019-10-31 22:23:02 , 16.50
2019-10-31 22:23:33 , 16.50
2019-10-31 22:24:04 , 16.50
2019-10-31 22:24:36 , 16.50
2019-10-31 22:25:07 , 16.50
2019-10-31 22:25:38 , 16.50
2019-10-31 22:26:09 , 16.50
2019-10-31 22:26:41 , 16.50
2019-10-31 22:27:12 , 16.50
2019-10-31 22:27:43 , 16.50
2019-10-31 22:28:14 , 16.50
2019-10-31 22:28:46 , 16.50
2019-10-31 22:29:17 , 16.40
2019-10-31 22:29:48 , 16.40
2019-10-31 22:30:19 , 16.40
2019-10-31 22:30:51 , 16.50
2019-10-31 22:31:22 , 16.40
2019-10-31 22:31:53 , 16.40
2019-10-31 22:32:24 , 16.40
2019-10-31 22:32:56 , 16.40
2019-10-31 22:33:27 , 16.40
2019-10-31 22:34:01 , 16.40
2019-10-31 22:34:32 , 16.40
2019-10-31 22:35:03 , 16.40
2019-10-31 22:35:34 , 16.40
2019-10-31 22:36:06 , 16.40
2019-10-31 22:36:37 , 16.40
2019-10-31 22:37:08 , 16.40
2019-10-31 22:37:39 , 16.40
2019-10-31 22:38:13 , 16.40
2019-10-31 22:38:45 , 16.30
2019-10-31 22:39:16 , 16.40
2019-10-31 22:39:47 , 16.40
2019-10-31 22:40:18 , 16.40
2019-10-31 22:40:50 , 16.30
2019-10-31 22:41:21 , 16.30
2019-10-31 22:41:52 , 16.40
2019-10-31 22:42:23 , 16.40
2019-10-31 22:42:55 , 16.40
2019-10-31 22:43:26 , 16.40
2019-10-31 22:43:57 , 16.30
2019-10-31 22:44:28 , 16.30
2019-10-31 22:45:00 , 16.30
2019-10-31 22:45:31 , 16.30
2019-10-31 22:46:02 , 16.30
2019-10-31 22:46:33 , 16.30
2019-10-31 22:47:05 , 16.30
2019-10-31 22:47:36 , 16.30
2019-10-31 22:48:07 , 8.20
2019-10-31 22:48:38 , 16.30
2019-10-31 22:49:10 , 16.30
2019-10-31 22:49:41 , 16.30
2019-10-31 22:50:12 , 16.40
2019-10-31 22:50:43 , 8.20
2019-10-31 22:51:15 , 16.40
2019-10-31 22:51:46 , 16.40
2019-10-31 22:52:17 , 16.40
2019-10-31 22:52:48 , 16.40
2019-10-31 22:53:20 , 16.40
2019-10-31 22:53:51 , 16.40
2019-10-31 22:54:22 , 16.40
2019-10-31 22:54:53 , 16.40
2019-10-31 22:55:25 , 16.40
2019-10-31 22:55:56 , 16.40
2019-10-31 22:56:27 , 16.40
2019-10-31 22:56:58 , 16.40
2019-10-31 22:57:30 , 16.40
2019-10-31 22:58:01 , 16.40
2019-10-31 22:58:32 , 16.50
2019-10-31 22:59:03 , 16.50
2019-10-31 22:59:35 , 16.50
2019-10-31 23:00:06 , 16.50
2019-10-31 23:00:37 , 16.50
2019-10-31 23:01:08 , 16.50
2019-10-31 23:01:40 , 16.50
2019-10-31 23:02:11 , 16.50
2019-10-31 23:02:42 , 16.50
2019-10-31 23:03:13 , 16.50
2019-10-31 23:03:45 , 16.50
2019-10-31 23:04:16 , 16.50
2019-10-31 23:04:47 , 16.50
2019-10-31 23:05:18 , 16.50
2019-10-31 23:05:50 , 16.50
2019-10-31 23:06:21 , 16.50
2019-10-31 23:06:52 , 16.50
2019-10-31 23:07:23 , 16.50
2019-10-31 23:07:55 , 16.50
2019-10-31 23:08:26 , 16.50
2019-10-31 23:08:57 , 16.50
2019-10-31 23:09:28 , 16.50
2019-10-31 23:10:00 , 16.50
2019-10-31 23:10:31 , 16.50
2019-10-31 23:11:02 , 16.50
2019-10-31 23:11:33 , 16.50
2019-10-31 23:12:05 , 16.50
2019-10-31 23:12:36 , 16.50
2019-10-31 23:13:07 , 16.50
2019-10-31 23:13:38 , 16.50
2019-10-31 23:14:10 , 16.50
2019-10-31 23:14:41 , 16.50
2019-10-31 23:15:12 , 16.50
2019-10-31 23:15:43 , 16.50
2019-10-31 23:16:15 , 16.60
2019-10-31 23:16:46 , 16.60
2019-10-31 23:17:17 , 16.60
2019-10-31 23:17:48 , 16.60
2019-10-31 23:18:20 , 16.50
2019-10-31 23:18:51 , 16.50
2019-10-31 23:19:22 , 16.50
2019-10-31 23:19:53 , 16.60
2019-10-31 23:20:25 , 16.60
2019-10-31 23:20:56 , 8.30
2019-10-31 23:21:27 , 16.60
2019-10-31 23:21:58 , 16.60
2019-10-31 23:22:30 , 16.50
2019-10-31 23:23:01 , 16.50
2019-10-31 23:23:32 , 16.50
2019-10-31 23:24:03 , 16.50
2019-10-31 23:24:35 , 16.50
2019-10-31 23:25:06 , 16.50
2019-10-31 23:25:40 , 16.50
2019-10-31 23:26:11 , 16.50
2019-10-31 23:26:42 , 16.50
2019-10-31 23:27:13 , 16.50
2019-10-31 23:27:45 , 16.50
2019-10-31 23:28:16 , 16.50
2019-10-31 23:28:47 , 16.50
2019-10-31 23:29:19 , 16.50
2019-10-31 23:29:50 , 16.50
2019-10-31 23:30:21 , 16.50
2019-10-31 23:30:52 , 16.50
2019-10-31 23:31:24 , 16.50
2019-10-31 23:31:55 , 16.50
2019-10-31 23:32:26 , 16.50
2019-10-31 23:32:57 , 16.50
2019-10-31 23:33:29 , 16.50
2019-10-31 23:34:00 , 16.50
2019-10-31 23:34:31 , 16.50
2019-10-31 23:35:02 , 16.50
2019-10-31 23:35:34 , 16.50
2019-10-31 23:36:05 , 16.50
2019-10-31 23:36:36 , 16.40
2019-10-31 23:37:07 , 16.50
2019-10-31 23:37:39 , 16.50
2019-10-31 23:38:10 , 16.40
2019-10-31 23:38:41 , 16.40
2019-10-31 23:39:12 , 16.40
2019-10-31 23:39:44 , 16.40
2019-10-31 23:40:15 , 8.20
2019-10-31 23:40:46 , 16.40
2019-10-31 23:41:17 , 16.40
2019-10-31 23:41:49 , 16.40
2019-10-31 23:42:20 , 16.40
2019-10-31 23:42:51 , 16.40
2019-10-31 23:43:22 , 16.40
2019-10-31 23:43:54 , 16.40
2019-10-31 23:44:25 , 16.40
2019-10-31 23:44:56 , 16.40
2019-10-31 23:45:27 , 16.40
2019-10-31 23:45:59 , 16.30
2019-10-31 23:46:30 , 16.40
2019-10-31 23:47:01 , 16.30
2019-10-31 23:47:32 , 16.30
2019-10-31 23:48:03 , 16.30
2019-10-31 23:48:35 , 16.30
2019-10-31 23:49:09 , 16.30
2019-10-31 23:49:40 , 16.30
2019-10-31 23:50:11 , 16.30
2019-10-31 23:50:42 , 16.30
2019-10-31 23:51:14 , 16.30
2019-10-31 23:51:45 , 16.30
2019-10-31 23:52:16 , 16.30
2019-10-31 23:52:47 , 16.30
2019-10-31 23:53:19 , 16.30
2019-10-31 23:53:50 , 16.30
2019-10-31 23:54:21 , 16.30
2019-10-31 23:54:52 , 16.30
2019-10-31 23:55:24 , 16.30
2019-10-31 23:55:55 , 16.30
2019-10-31 23:56:26 , 16.20
2019-10-31 23:56:57 , 16.30
2019-10-31 23:57:29 , 16.30
2019-10-31 23:58:00 , 16.20
2019-10-31 23:58:31 , 16.20
2019-10-31 23:59:02 , 16.20
2019-10-31 23:59:34 , 16.20
2019-11-01 00:00:05 , 16.20
2019-11-01 00:00:36 , 16.20
2019-11-01 00:01:07 , 8.10
2019-11-01 00:01:39 , 16.20
2019-11-01 00:02:10 , 16.20
2019-11-01 00:02:41 , 16.20
2019-11-01 00:03:12 , 16.20
2019-11-01 00:03:44 , 16.20
2019-11-01 00:04:15 , 16.20
2019-11-01 00:04:46 , 16.20
2019-11-01 00:05:17 , 16.20
2019-11-01 00:05:49 , 16.20
2019-11-01 00:06:20 , 16.20
2019-11-01 00:06:51 , 16.20
2019-11-01 00:07:22 , 16.20
2019-11-01 00:07:54 , 16.20
2019-11-01 00:08:25 , 16.20
2019-11-01 00:08:56 , 16.20
2019-11-01 00:09:27 , 16.10
2019-11-01 00:09:59 , 16.20
2019-11-01 00:10:30 , 16.20
2019-11-01 00:11:01 , 16.20
2019-11-01 00:11:32 , 16.10
2019-11-01 00:12:04 , 16.10
2019-11-01 00:12:35 , 16.10
2019-11-01 00:13:06 , 16.10
2019-11-01 00:13:37 , 16.10
2019-11-01 00:14:09 , 16.10
2019-11-01 00:14:40 , 16.10
2019-11-01 00:15:11 , 16.10
2019-11-01 00:15:42 , 16.10
2019-11-01 00:16:14 , 16.10
2019-11-01 00:16:45 , 16.10
2019-11-01 00:17:16 , 16.10
2019-11-01 00:17:47 , 16.10
2019-11-01 00:18:19 , 16.10
2019-11-01 00:18:50 , 16.10
2019-11-01 00:19:21 , 16.10
2019-11-01 00:19:52 , 16.10
2019-11-01 00:20:24 , 16.10
2019-11-01 00:20:55 , 16.10
2019-11-01 00:21:26 , 16.10
2019-11-01 00:21:57 , 16.00
2019-11-01 00:22:29 , 16.00
2019-11-01 00:23:00 , 16.10
2019-11-01 00:23:31 , 16.10
2019-11-01 00:24:02 , 16.10
2019-11-01 00:24:34 , 16.10
2019-11-01 00:25:05 , 16.10
2019-11-01 00:25:36 , 16.00
2019-11-01 00:26:07 , 16.00
2019-11-01 00:26:39 , 16.00
2019-11-01 00:27:10 , 16.00
2019-11-01 00:27:41 , 16.00
2019-11-01 00:28:12 , 16.00
2019-11-01 00:28:44 , 16.10
2019-11-01 00:29:15 , 16.00
2019-11-01 00:29:46 , 16.00
2019-11-01 00:30:17 , 16.00
2019-11-01 00:30:49 , 16.10
2019-11-01 00:31:20 , 16.10
2019-11-01 00:31:51 , 16.00
2019-11-01 00:32:22 , 16.10
2019-11-01 00:32:54 , 16.10
2019-11-01 00:33:25 , 16.00
2019-11-01 00:33:56 , 16.00
2019-11-01 00:34:27 , 16.00
2019-11-01 00:34:59 , 16.00
2019-11-01 00:35:30 , 16.00
2019-11-01 00:36:01 , 16.00
2019-11-01 00:36:32 , 16.00
2019-11-01 00:37:04 , 16.00
2019-11-01 00:37:35 , 16.00
2019-11-01 00:38:06 , 16.00
2019-11-01 00:38:37 , 16.00
2019-11-01 00:39:09 , 16.00
2019-11-01 00:39:40 , 16.00
2019-11-01 00:40:11 , 16.00
2019-11-01 00:40:42 , 16.00
2019-11-01 00:41:14 , 16.00
2019-11-01 00:41:45 , 16.00
2019-11-01 00:42:16 , 16.00
2019-11-01 00:42:47 , 16.00
2019-11-01 00:43:19 , 16.00
2019-11-01 00:43:53 , 16.00
2019-11-01 00:44:24 , 15.90
2019-11-01 00:44:55 , 16.00
2019-11-01 00:45:26 , 16.00
2019-11-01 00:45:58 , 16.00
2019-11-01 00:46:29 , 16.00
2019-11-01 00:47:00 , 16.00
2019-11-01 00:47:31 , 16.00
2019-11-01 00:48:03 , 15.90
2019-11-01 00:48:34 , 15.90
2019-11-01 00:49:05 , 16.00
2019-11-01 00:49:36 , 16.00
2019-11-01 00:50:08 , 16.00
2019-11-01 00:50:39 , 16.00
2019-11-01 00:51:10 , 16.00
2019-11-01 00:51:41 , 16.00
2019-11-01 00:52:13 , 16.00
2019-11-01 00:52:44 , 16.00
2019-11-01 00:53:15 , 15.90
2019-11-01 00:53:46 , 15.90
2019-11-01 00:54:20 , 16.00
2019-11-01 00:54:51 , 16.00
2019-11-01 00:55:23 , 16.00
2019-11-01 00:55:54 , 16.00
2019-11-01 00:56:25 , 16.00
2019-11-01 00:56:56 , 16.00
2019-11-01 00:57:28 , 16.00
2019-11-01 00:57:59 , 16.00
2019-11-01 00:58:30 , 16.10
2019-11-01 00:59:01 , 16.10
2019-11-01 00:59:33 , 16.00
2019-11-01 01:00:04 , 16.00
2019-11-01 01:00:35 , 16.10
2019-11-01 01:01:07 , 16.00
2019-11-01 01:01:38 , 16.10
2019-11-01 01:02:09 , 16.10
2019-11-01 01:02:40 , 16.10
2019-11-01 01:03:12 , 16.10
2019-11-01 01:03:43 , 16.10
2019-11-01 01:04:14 , 16.10
2019-11-01 01:04:45 , 16.10
2019-11-01 01:05:17 , 16.10
2019-11-01 01:05:50 , 16.10
2019-11-01 01:06:22 , 16.10
2019-11-01 01:06:53 , 16.10
2019-11-01 01:07:24 , 16.10
2019-11-01 01:07:55 , 16.10
2019-11-01 01:08:27 , 16.10
2019-11-01 01:09:03 , 16.10
2019-11-01 01:09:34 , 16.10
2019-11-01 01:10:05 , 16.10
2019-11-01 01:10:37 , 16.10
2019-11-01 01:11:08 , 16.10
2019-11-01 01:11:39 , 16.10
2019-11-01 01:12:10 , 16.10
2019-11-01 01:12:42 , 16.10
2019-11-01 01:13:13 , 16.10
2019-11-01 01:13:44 , 16.10
2019-11-01 01:14:15 , 16.10
2019-11-01 01:14:47 , 16.10
2019-11-01 01:15:18 , 16.10
2019-11-01 01:15:52 , 16.20
2019-11-01 01:16:23 , 16.20
2019-11-01 01:16:54 , 16.20
2019-11-01 01:17:26 , 16.20
2019-11-01 01:17:57 , 16.20
2019-11-01 01:18:28 , 16.20
2019-11-01 01:18:59 , 16.20
2019-11-01 01:19:33 , 16.20
2019-11-01 01:20:04 , 16.20
2019-11-01 01:20:36 , 16.20
2019-11-01 01:21:07 , 16.20
2019-11-01 01:21:41 , 16.20
2019-11-01 01:22:12 , 16.20
2019-11-01 01:22:43 , 16.30
2019-11-01 01:23:14 , 16.30
2019-11-01 01:23:48 , 16.30
2019-11-01 01:24:19 , 16.20
2019-11-01 01:24:51 , 16.30
2019-11-01 01:25:22 , 16.30
2019-11-01 01:25:53 , 16.30
2019-11-01 01:26:27 , 16.30
2019-11-01 01:26:58 , 16.20
2019-11-01 01:27:30 , 16.30
2019-11-01 01:28:01 , 16.20
2019-11-01 01:28:32 , 16.20
2019-11-01 01:29:03 , 16.20
2019-11-01 01:29:35 , 16.20
2019-11-01 01:30:06 , 16.20
2019-11-01 01:30:37 , 16.20
2019-11-01 01:31:08 , 16.20
2019-11-01 01:31:39 , 16.20
2019-11-01 01:32:11 , 16.30
2019-11-01 01:32:42 , 16.30
2019-11-01 01:33:16 , 16.30
2019-11-01 01:33:47 , 16.30
2019-11-01 01:34:18 , 16.30
2019-11-01 01:34:50 , 16.30
2019-11-01 01:35:21 , 16.30
2019-11-01 01:35:52 , 16.30
2019-11-01 01:36:23 , 16.30
2019-11-01 01:36:55 , 16.30
2019-11-01 01:37:28 , 16.30
2019-11-01 01:38:00 , 16.30
2019-11-01 01:38:31 , 16.30
2019-11-01 01:39:02 , 16.30
2019-11-01 01:39:33 , 16.30
2019-11-01 01:40:05 , 16.30
2019-11-01 01:40:36 , 16.30
2019-11-01 01:41:07 , 16.30
2019-11-01 01:41:38 , 16.30
2019-11-01 01:42:10 , 16.30
2019-11-01 01:42:41 , 16.30
2019-11-01 01:43:12 , 16.30
2019-11-01 01:43:43 , 16.30
2019-11-01 01:44:15 , 16.30
2019-11-01 01:44:46 , 16.30
2019-11-01 01:45:17 , 16.20
2019-11-01 01:45:48 , 16.20
2019-11-01 01:46:20 , 16.20
2019-11-01 01:46:51 , 16.20
2019-11-01 01:47:22 , 16.20
2019-11-01 01:47:53 , 16.20
2019-11-01 01:48:25 , 16.20
2019-11-01 01:48:56 , 16.20
2019-11-01 01:49:27 , 16.20
2019-11-01 01:49:58 , 16.20
2019-11-01 01:50:30 , 16.20
2019-11-01 01:51:01 , 16.20
2019-11-01 01:51:32 , 16.20
2019-11-01 01:52:06 , 16.20
2019-11-01 01:52:37 , 16.20
2019-11-01 01:53:08 , 16.20
2019-11-01 01:53:40 , 16.20
2019-11-01 01:54:11 , 16.20
2019-11-01 01:54:42 , 16.20
2019-11-01 01:55:13 , 16.10
2019-11-01 01:55:45 , 16.10
2019-11-01 01:56:16 , 16.10
2019-11-01 01:56:50 , 16.10
2019-11-01 01:57:21 , 16.10
2019-11-01 01:57:52 , 16.10
2019-11-01 01:58:24 , 16.10
2019-11-01 01:58:55 , 16.10
2019-11-01 01:59:26 , 16.10
2019-11-01 01:59:57 , 16.10
2019-11-01 02:00:28 , 16.10
2019-11-01 02:01:00 , 16.10
2019-11-01 02:01:31 , 16.10
2019-11-01 02:02:02 , 16.10
2019-11-01 02:02:33 , 16.10
2019-11-01 02:03:05 , 16.10
2019-11-01 02:03:36 , 16.10
2019-11-01 02:04:07 , 16.10
2019-11-01 02:04:39 , 16.10
2019-11-01 02:05:10 , 16.10
2019-11-01 02:05:44 , 16.10
2019-11-01 02:06:15 , 16.10
2019-11-01 02:06:46 , 16.10
2019-11-01 02:07:17 , 16.10
2019-11-01 02:07:49 , 16.10
2019-11-01 02:08:20 , 16.00
2019-11-01 02:08:51 , 16.00
2019-11-01 02:09:22 , 16.00
2019-11-01 02:09:54 , 16.00
2019-11-01 02:10:28 , 16.00
2019-11-01 02:10:59 , 16.00
2019-11-01 02:11:30 , 16.10
2019-11-01 02:12:01 , 16.00
2019-11-01 02:12:33 , 16.10
2019-11-01 02:13:04 , 16.10
2019-11-01 02:13:35 , 16.00
2019-11-01 02:14:06 , 16.10
2019-11-01 02:14:38 , 16.10
2019-11-01 02:15:09 , 16.10
2019-11-01 02:15:40 , 8.00
2019-11-01 02:16:11 , 16.00
2019-11-01 02:16:43 , 16.00
2019-11-01 02:17:14 , 16.00
2019-11-01 02:17:45 , 16.00
2019-11-01 02:18:16 , 16.10
2019-11-01 02:18:48 , 16.10
2019-11-01 02:19:22 , 16.10
2019-11-01 02:19:53 , 16.00
2019-11-01 02:20:24 , 16.10
2019-11-01 02:20:55 , 16.10
2019-11-01 02:21:26 , 16.10
2019-11-01 02:21:58 , 16.10
2019-11-01 02:22:29 , 16.10
2019-11-01 02:23:00 , 16.10
2019-11-01 02:23:34 , 16.10
2019-11-01 02:24:05 , 16.10
2019-11-01 02:24:39 , 16.10
2019-11-01 02:25:10 , 16.10
2019-11-01 02:25:42 , 16.10
2019-11-01 02:26:13 , 16.10
2019-11-01 02:26:44 , 16.10
2019-11-01 02:27:15 , 16.10
2019-11-01 02:27:47 , 16.10
2019-11-01 02:28:18 , 16.10
2019-11-01 02:28:49 , 16.10
2019-11-01 02:29:20 , 16.10
2019-11-01 02:29:52 , 16.10
2019-11-01 02:30:23 , 16.10
2019-11-01 02:30:54 , 16.10
2019-11-01 02:31:25 , 16.10
2019-11-01 02:31:57 , 16.10
2019-11-01 02:32:28 , 16.10
2019-11-01 02:32:59 , 16.10
2019-11-01 02:33:30 , 16.10
2019-11-01 02:34:02 , 16.10
2019-11-01 02:34:33 , 16.10
2019-11-01 02:35:04 , 16.20
2019-11-01 02:35:35 , 16.20
2019-11-01 02:36:07 , 16.10
2019-11-01 02:36:38 , 16.20
2019-11-01 02:37:09 , 16.20
2019-11-01 02:37:40 , 16.20
2019-11-01 02:38:12 , 16.20
2019-11-01 02:38:43 , 16.20
2019-11-01 02:39:14 , 16.20
2019-11-01 02:39:45 , 16.30
2019-11-01 02:40:19 , 16.20
2019-11-01 02:40:51 , 16.20
2019-11-01 02:41:22 , 16.20
2019-11-01 02:41:53 , 16.30
2019-11-01 02:42:24 , 16.30
2019-11-01 02:42:56 , 16.20
2019-11-01 02:43:27 , 16.30
2019-11-01 02:43:58 , 16.30
2019-11-01 02:44:29 , 16.30
2019-11-01 02:45:01 , 16.30
2019-11-01 02:45:32 , 16.30
2019-11-01 02:46:03 , 16.30
2019-11-01 02:46:37 , 16.30
2019-11-01 02:47:11 , 16.30
2019-11-01 02:47:42 , 16.30
2019-11-01 02:48:13 , 16.30
2019-11-01 02:48:44 , 16.30
2019-11-01 02:49:16 , 16.30
2019-11-01 02:49:47 , 16.30
2019-11-01 02:50:18 , 16.30
2019-11-01 02:50:49 , 16.30
2019-11-01 02:51:23 , 16.30
2019-11-01 02:51:55 , 16.30
2019-11-01 02:52:26 , 16.30
2019-11-01 02:52:57 , 16.30
2019-11-01 02:53:28 , 16.30
2019-11-01 02:53:59 , 16.30
2019-11-01 02:54:31 , 16.30
2019-11-01 02:55:05 , 16.30
2019-11-01 02:55:36 , 16.30
2019-11-01 02:56:07 , 16.30
2019-11-01 02:56:38 , 16.30
2019-11-01 02:57:09 , 16.40
2019-11-01 02:57:41 , 16.40
2019-11-01 02:58:12 , 16.40
2019-11-01 02:58:43 , 16.40
2019-11-01 02:59:14 , 16.40
2019-11-01 02:59:46 , 16.40
2019-11-01 03:00:17 , 16.40
2019-11-01 03:00:48 , 16.40
2019-11-01 03:01:19 , 16.40
2019-11-01 03:01:53 , 16.40
2019-11-01 03:02:25 , 16.40
2019-11-01 03:02:56 , 16.40
2019-11-01 03:03:27 , 16.40
2019-11-01 03:03:58 , 16.40
2019-11-01 03:04:30 , 16.40
2019-11-01 03:05:01 , 16.40
2019-11-01 03:05:32 , 16.40
2019-11-01 03:06:03 , 16.40
2019-11-01 03:06:35 , 16.50
2019-11-01 03:07:06 , 16.50
2019-11-01 03:07:37 , 16.50
2019-11-01 03:08:08 , 16.50
2019-11-01 03:08:40 , 16.50
2019-11-01 03:09:11 , 16.50
2019-11-01 03:09:42 , 16.40
2019-11-01 03:10:13 , 16.40
2019-11-01 03:10:45 , 16.40
2019-11-01 03:11:16 , 16.40
2019-11-01 03:11:47 , 8.20
2019-11-01 03:12:18 , 16.50
2019-11-01 03:12:50 , 16.40
2019-11-01 03:13:21 , 16.40
2019-11-01 03:13:52 , 16.50
2019-11-01 03:14:23 , 16.40
2019-11-01 03:14:55 , 16.50
2019-11-01 03:15:26 , 16.50
2019-11-01 03:15:57 , 16.50
2019-11-01 03:16:28 , 16.50
2019-11-01 03:17:00 , 16.50
2019-11-01 03:17:31 , 16.50
2019-11-01 03:18:02 , 16.50
2019-11-01 03:18:33 , 16.50
2019-11-01 03:19:05 , 16.50
2019-11-01 03:19:36 , 16.50
2019-11-01 03:20:07 , 16.50
2019-11-01 03:20:38 , 16.50
2019-11-01 03:21:10 , 16.50
2019-11-01 03:21:41 , 16.50
2019-11-01 03:22:12 , 16.50
2019-11-01 03:22:43 , 16.50
2019-11-01 03:23:15 , 16.50
2019-11-01 03:23:46 , 16.50
2019-11-01 03:24:17 , 16.50
2019-11-01 03:24:48 , 16.50
2019-11-01 03:25:20 , 16.50
2019-11-01 03:25:51 , 16.50
2019-11-01 03:26:22 , 16.50
2019-11-01 03:26:53 , 16.50
2019-11-01 03:27:25 , 16.50
2019-11-01 03:27:56 , 16.50
2019-11-01 03:28:27 , 16.50
2019-11-01 03:28:58 , 16.50
2019-11-01 03:29:30 , 16.60
2019-11-01 03:30:01 , 16.60
2019-11-01 03:30:32 , 16.60
2019-11-01 03:31:03 , 16.50
2019-11-01 03:31:35 , 16.50
2019-11-01 03:32:06 , 16.50
2019-11-01 03:32:37 , 16.50
2019-11-01 03:33:08 , 16.50
2019-11-01 03:33:40 , 16.50
2019-11-01 03:34:11 , 16.50
2019-11-01 03:34:42 , 16.50
2019-11-01 03:35:13 , 16.50
2019-11-01 03:35:45 , 16.50
2019-11-01 03:36:16 , 16.50
2019-11-01 03:36:47 , 16.50
2019-11-01 03:37:18 , 16.50
2019-11-01 03:37:50 , 16.50
2019-11-01 03:38:21 , 16.40
2019-11-01 03:38:52 , 16.50
2019-11-01 03:39:23 , 16.50
2019-11-01 03:39:55 , 16.50
2019-11-01 03:40:26 , 16.50
2019-11-01 03:40:57 , 16.40
2019-11-01 03:41:28 , 16.50
2019-11-01 03:42:00 , 16.40
2019-11-01 03:42:31 , 16.40
2019-11-01 03:43:02 , 8.20
2019-11-01 03:43:33 , 16.40
2019-11-01 03:44:05 , 16.40
2019-11-01 03:44:36 , 16.40
2019-11-01 03:45:07 , 16.40
2019-11-01 03:45:38 , 16.40
2019-11-01 03:46:10 , 16.40
2019-11-01 03:46:41 , 16.40
2019-11-01 03:47:12 , 16.40
2019-11-01 03:47:43 , 16.40
2019-11-01 03:48:15 , 16.40
2019-11-01 03:48:46 , 16.40
2019-11-01 03:49:17 , 16.40
2019-11-01 03:49:49 , 16.30
2019-11-01 03:50:20 , 16.30
2019-11-01 03:50:51 , 16.30
2019-11-01 03:51:22 , 16.30
2019-11-01 03:51:54 , 16.30
2019-11-01 03:52:25 , 16.30
2019-11-01 03:52:56 , 16.30
2019-11-01 03:53:27 , 16.30
2019-11-01 03:53:59 , 16.30
2019-11-01 03:54:30 , 16.30
2019-11-01 03:55:01 , 16.30
2019-11-01 03:55:32 , 16.30
2019-11-01 03:56:04 , 16.20
2019-11-01 03:56:35 , 16.20
2019-11-01 03:57:06 , 16.20
2019-11-01 03:57:37 , 16.30
2019-11-01 03:58:09 , 16.30
2019-11-01 03:58:42 , 16.20
2019-11-01 03:59:14 , 16.20
2019-11-01 03:59:45 , 16.20
2019-11-01 04:00:16 , 16.20
2019-11-01 04:00:47 , 16.30
2019-11-01 04:01:19 , 16.30
2019-11-01 04:01:50 , 16.30
2019-11-01 04:02:26 , 16.20
2019-11-01 04:02:58 , 8.10
2019-11-01 04:03:29 , 16.20
2019-11-01 04:04:00 , 16.20
2019-11-01 04:04:31 , 16.20
2019-11-01 04:05:03 , 16.20
2019-11-01 04:05:34 , 16.20
2019-11-01 04:06:05 , 16.20
2019-11-01 04:06:36 , 16.20
2019-11-01 04:07:08 , 16.20
2019-11-01 04:07:39 , 16.20
2019-11-01 04:08:10 , 16.20
2019-11-01 04:08:41 , 16.20
2019-11-01 04:09:13 , 16.20
2019-11-01 04:09:44 , 16.20
2019-11-01 04:10:15 , 16.10
2019-11-01 04:10:46 , 16.20
2019-11-01 04:11:18 , 16.10
2019-11-01 04:11:49 , 16.10
2019-11-01 04:12:20 , 16.10
2019-11-01 04:12:51 , 16.10
2019-11-01 04:13:23 , 16.10
2019-11-01 04:13:54 , 16.10
2019-11-01 04:14:25 , 16.10
2019-11-01 04:14:59 , 16.10
2019-11-01 04:15:30 , 16.10
2019-11-01 04:16:01 , 16.10
2019-11-01 04:16:33 , 16.10
2019-11-01 04:17:04 , 16.10
2019-11-01 04:17:38 , 16.10
2019-11-01 04:18:09 , 16.10
2019-11-01 04:18:40 , 16.10
2019-11-01 04:19:12 , 16.10
2019-11-01 04:19:43 , 16.10
2019-11-01 04:20:14 , 16.10
2019-11-01 04:20:45 , 16.10
2019-11-01 04:21:17 , 16.10
2019-11-01 04:21:48 , 16.00
2019-11-01 04:22:19 , 16.10
2019-11-01 04:22:50 , 16.10
2019-11-01 04:23:22 , 16.10
2019-11-01 04:23:53 , 16.10
2019-11-01 04:24:24 , 16.10
2019-11-01 04:24:55 , 16.00
2019-11-01 04:25:27 , 16.10
2019-11-01 04:25:58 , 16.00
2019-11-01 04:26:29 , 16.00
2019-11-01 04:27:00 , 16.00
2019-11-01 04:27:32 , 16.00
2019-11-01 04:28:03 , 8.00
2019-11-01 04:28:34 , 16.00
2019-11-01 04:29:05 , 16.00
2019-11-01 04:29:39 , 16.00
2019-11-01 04:30:10 , 8.00
2019-11-01 04:30:42 , 16.00
2019-11-01 04:31:13 , 16.00
2019-11-01 04:31:44 , 16.00
2019-11-01 04:32:15 , 16.00
2019-11-01 04:32:47 , 16.00
2019-11-01 04:33:21 , 16.00
2019-11-01 04:33:52 , 15.90
2019-11-01 04:34:23 , 16.00
2019-11-01 04:34:54 , 16.00
2019-11-01 04:35:26 , 16.00
2019-11-01 04:35:57 , 16.00
2019-11-01 04:36:28 , 16.00
2019-11-01 04:36:59 , 16.00
2019-11-01 04:37:33 , 16.00
2019-11-01 04:38:04 , 16.00
2019-11-01 04:38:38 , 16.00
2019-11-01 04:39:09 , 16.00
2019-11-01 04:39:41 , 16.00
2019-11-01 04:40:12 , 16.00
2019-11-01 04:40:43 , 16.00
2019-11-01 04:41:14 , 16.00
2019-11-01 04:41:46 , 16.00
2019-11-01 04:42:17 , 16.00
2019-11-01 04:42:48 , 16.00
2019-11-01 04:43:19 , 16.00
2019-11-01 04:43:51 , 16.00
2019-11-01 04:44:22 , 16.10
2019-11-01 04:44:53 , 16.10
2019-11-01 04:45:25 , 16.10
2019-11-01 04:45:56 , 16.10
2019-11-01 04:46:27 , 16.10
2019-11-01 04:46:58 , 16.10
2019-11-01 04:47:30 , 16.10
2019-11-01 04:48:01 , 16.10
2019-11-01 04:48:32 , 16.10
2019-11-01 04:49:03 , 16.10
2019-11-01 04:49:37 , 16.10
2019-11-01 04:50:08 , 16.10
2019-11-01 04:50:40 , 16.10
2019-11-01 04:51:11 , 16.10
2019-11-01 04:51:42 , 16.10
2019-11-01 04:52:13 , 16.10
2019-11-01 04:52:45 , 16.10
2019-11-01 04:53:16 , 16.10
2019-11-01 04:53:47 , 16.10
2019-11-01 04:54:18 , 16.10
2019-11-01 04:54:50 , 16.10
2019-11-01 04:55:21 , 16.10
2019-11-01 04:55:52 , 16.10
2019-11-01 04:56:23 , 16.10
2019-11-01 04:56:55 , 16.10
2019-11-01 04:57:26 , 16.10
2019-11-01 04:57:57 , 16.10
2019-11-01 04:58:28 , 16.10
2019-11-01 04:59:00 , 16.10
2019-11-01 04:59:31 , 16.10
2019-11-01 05:00:02 , 16.10
2019-11-01 05:00:33 , 16.20
2019-11-01 05:01:05 , 16.20
2019-11-01 05:01:36 , 16.20
2019-11-01 05:02:10 , 16.20
2019-11-01 05:02:41 , 16.20
2019-11-01 05:03:12 , 16.20
2019-11-01 05:03:44 , 16.20
2019-11-01 05:04:15 , 16.30
2019-11-01 05:04:46 , 16.20
2019-11-01 05:05:17 , 16.20
2019-11-01 05:05:49 , 16.20
2019-11-01 05:06:20 , 16.20
2019-11-01 05:06:51 , 16.20
2019-11-01 05:07:22 , 8.10
2019-11-01 05:07:54 , 16.20
2019-11-01 05:08:25 , 16.20
2019-11-01 05:08:56 , 16.20
2019-11-01 05:09:27 , 16.20
2019-11-01 05:09:59 , 16.20
2019-11-01 05:10:30 , 16.20
2019-11-01 05:11:01 , 16.30
2019-11-01 05:11:32 , 16.30
2019-11-01 05:12:04 , 16.30
2019-11-01 05:12:35 , 16.30
2019-11-01 05:13:06 , 16.30
2019-11-01 05:13:40 , 16.30
2019-11-01 05:14:11 , 16.30
2019-11-01 05:14:42 , 16.30
2019-11-01 05:15:14 , 16.30
2019-11-01 05:15:45 , 16.30
2019-11-01 05:16:16 , 16.30
2019-11-01 05:16:47 , 16.30
2019-11-01 05:17:19 , 16.30
2019-11-01 05:17:50 , 16.30
2019-11-01 05:18:21 , 16.20
2019-11-01 05:18:52 , 16.20
2019-11-01 05:19:24 , 16.20
2019-11-01 05:19:55 , 16.20
2019-11-01 05:20:26 , 16.30
2019-11-01 05:20:57 , 16.30
2019-11-01 05:21:29 , 16.30
2019-11-01 05:22:00 , 16.30
2019-11-01 05:22:31 , 16.30
2019-11-01 05:23:02 , 16.30
2019-11-01 05:23:36 , 16.30
2019-11-01 05:24:08 , 16.30
2019-11-01 05:24:39 , 16.30
2019-11-01 05:25:10 , 16.30
2019-11-01 05:25:41 , 16.30
2019-11-01 05:26:13 , 16.30
2019-11-01 05:26:44 , 16.30
2019-11-01 05:27:15 , 16.30
2019-11-01 05:27:46 , 16.30
2019-11-01 05:28:18 , 16.30
2019-11-01 05:28:49 , 16.30
2019-11-01 05:29:20 , 16.30
2019-11-01 05:29:51 , 16.30
2019-11-01 05:30:23 , 16.30
2019-11-01 05:30:56 , 16.30
2019-11-01 05:31:28 , 16.30
2019-11-01 05:31:59 , 16.30
2019-11-01 05:32:30 , 16.30
2019-11-01 05:33:01 , 16.30
2019-11-01 05:33:33 , 16.30
2019-11-01 05:34:04 , 16.30
2019-11-01 05:34:35 , 16.30
2019-11-01 05:35:06 , 16.30
2019-11-01 05:35:38 , 16.30
2019-11-01 05:36:09 , 16.20
2019-11-01 05:36:40 , 16.20
2019-11-01 05:37:11 , 16.20
2019-11-01 05:37:43 , 16.20
2019-11-01 05:38:14 , 16.20
2019-11-01 05:38:45 , 16.20
2019-11-01 05:39:16 , 16.20
2019-11-01 05:39:48 , 16.20
2019-11-01 05:40:19 , 16.20
2019-11-01 05:40:50 , 16.20
2019-11-01 05:41:22 , 16.20
2019-11-01 05:41:53 , 16.20
2019-11-01 05:42:24 , 16.20
2019-11-01 05:42:55 , 16.10
2019-11-01 05:43:27 , 16.10
2019-11-01 05:43:58 , 16.10
2019-11-01 05:44:29 , 16.10
2019-11-01 05:45:00 , 16.10
2019-11-01 05:45:32 , 16.10
2019-11-01 05:46:03 , 16.10
2019-11-01 05:46:34 , 16.10
2019-11-01 05:47:05 , 16.10
2019-11-01 05:47:37 , 16.10
2019-11-01 05:48:08 , 16.10
2019-11-01 05:48:42 , 16.10
2019-11-01 05:49:13 , 16.10
2019-11-01 05:49:44 , 16.10
2019-11-01 05:50:15 , 16.10
2019-11-01 05:50:47 , 16.10
2019-11-01 05:51:18 , 16.10
2019-11-01 05:51:49 , 16.10
2019-11-01 05:52:20 , 16.10
2019-11-01 05:52:52 , 16.10
2019-11-01 05:53:23 , 16.10
2019-11-01 05:53:54 , 16.10
2019-11-01 05:54:25 , 16.00
2019-11-01 05:54:57 , 16.10
2019-11-01 05:55:28 , 16.10
2019-11-01 05:55:59 , 16.00
2019-11-01 05:56:33 , 16.00
2019-11-01 05:57:04 , 16.00
2019-11-01 05:57:36 , 16.00
2019-11-01 05:58:07 , 16.00
2019-11-01 05:58:38 , 16.00
2019-11-01 05:59:09 , 16.00
2019-11-01 05:59:43 , 16.00
2019-11-01 06:00:14 , 16.00
2019-11-01 06:00:46 , 16.00
2019-11-01 06:01:17 , 16.00
2019-11-01 06:01:48 , 16.00
2019-11-01 06:02:19 , 16.00
2019-11-01 06:02:51 , 16.00
2019-11-01 06:03:22 , 16.00
2019-11-01 06:03:53 , 16.00
2019-11-01 06:04:24 , 8.00
2019-11-01 06:04:58 , 16.00
2019-11-01 06:05:29 , 16.00
2019-11-01 06:06:01 , 16.00
2019-11-01 06:06:32 , 15.90
2019-11-01 06:07:03 , 16.00
2019-11-01 06:07:34 , 16.00
2019-11-01 06:08:06 , 15.90
2019-11-01 06:08:37 , 8.00
2019-11-01 06:09:08 , 15.90
2019-11-01 06:09:39 , 16.00
2019-11-01 06:10:11 , 16.00
2019-11-01 06:10:42 , 15.90
2019-11-01 06:11:13 , 15.90
2019-11-01 06:11:44 , 15.90
2019-11-01 06:12:16 , 15.90
2019-11-01 06:12:47 , 15.90
2019-11-01 06:13:18 , 15.90
2019-11-01 06:13:49 , 15.90
2019-11-01 06:14:21 , 15.90
2019-11-01 06:14:52 , 15.90
2019-11-01 06:15:23 , 15.90
2019-11-01 06:15:55 , 15.90
2019-11-01 06:16:26 , 15.90
2019-11-01 06:16:57 , 15.90
2019-11-01 06:17:28 , 15.90
2019-11-01 06:18:00 , 15.90
2019-11-01 06:18:31 , 15.90
2019-11-01 06:19:02 , 15.90
2019-11-01 06:19:33 , 15.90
2019-11-01 06:20:07 , 15.90
2019-11-01 06:20:38 , 15.80
2019-11-01 06:21:10 , 15.90
2019-11-01 06:21:43 , 15.80
2019-11-01 06:22:15 , 15.80
2019-11-01 06:22:46 , 15.90
2019-11-01 06:23:17 , 15.80
2019-11-01 06:23:48 , 15.90
2019-11-01 06:24:20 , 15.80
2019-11-01 06:24:51 , 15.90
2019-11-01 06:25:22 , 15.80
2019-11-01 06:25:53 , 15.80
2019-11-01 06:26:27 , 15.80
2019-11-01 06:26:59 , 15.80
2019-11-01 06:27:30 , 15.80
2019-11-01 06:28:01 , 15.80
2019-11-01 06:28:32 , 15.80
2019-11-01 06:29:04 , 15.80
2019-11-01 06:29:37 , 15.80
2019-11-01 06:30:09 , 15.80
2019-11-01 06:30:40 , 15.80
2019-11-01 06:31:11 , 15.80
2019-11-01 06:31:42 , 15.80
2019-11-01 06:32:14 , 15.80
2019-11-01 06:32:45 , 15.80
2019-11-01 06:33:16 , 15.80
2019-11-01 06:33:47 , 15.80
2019-11-01 06:34:19 , 15.80
2019-11-01 06:34:50 , 15.80
2019-11-01 06:35:21 , 15.80
2019-11-01 06:35:52 , 15.80
2019-11-01 06:36:24 , 15.80
2019-11-01 06:36:55 , 15.80
2019-11-01 06:37:26 , 15.80
2019-11-01 06:38:00 , 15.80
2019-11-01 06:38:31 , 15.80
2019-11-01 06:39:02 , 15.80
2019-11-01 06:39:34 , 15.80
2019-11-01 06:40:05 , 15.70
2019-11-01 06:40:41 , 15.70
2019-11-01 06:41:13 , 15.80
2019-11-01 06:41:44 , 7.90
2019-11-01 06:42:15 , 15.70
2019-11-01 06:42:46 , 15.80
2019-11-01 06:43:18 , 15.70
2019-11-01 06:43:49 , 15.70
2019-11-01 06:44:20 , 15.80
2019-11-01 06:44:51 , 15.80
2019-11-01 06:45:23 , 15.80
2019-11-01 06:45:54 , 15.80
2019-11-01 06:46:25 , 15.80
2019-11-01 06:46:56 , 15.80
2019-11-01 06:47:28 , 15.80
2019-11-01 06:47:59 , 15.80
2019-11-01 06:48:30 , 15.80
2019-11-01 06:49:01 , 15.80
2019-11-01 06:49:33 , 15.80
2019-11-01 06:50:04 , 15.80
2019-11-01 06:50:35 , 15.80
2019-11-01 06:51:06 , 15.80
2019-11-01 06:51:37 , 16.00
2019-11-01 06:52:09 , 16.10
2019-11-01 06:52:40 , 16.30
2019-11-01 06:53:11 , 16.40
2019-11-01 06:53:42 , 16.60
2019-11-01 06:54:14 , 16.70
2019-11-01 06:54:48 , 17.00
2019-11-01 06:55:19 , 17.00
2019-11-01 06:55:53 , 17.20
2019-11-01 06:56:24 , 17.20
2019-11-01 06:56:55 , 17.30
2019-11-01 06:57:26 , 17.40
2019-11-01 06:57:58 , 17.50
2019-11-01 06:58:29 , 17.60
2019-11-01 06:59:00 , 17.60
2019-11-01 06:59:31 , 17.70
2019-11-01 07:00:03 , 17.70
2019-11-01 07:00:36 , 17.70
2019-11-01 07:01:08 , 17.70
2019-11-01 07:01:39 , 17.70
2019-11-01 07:02:10 , 17.70
2019-11-01 07:02:41 , 17.70
2019-11-01 07:03:13 , 17.70
2019-11-01 07:03:44 , 17.70
2019-11-01 07:04:15 , 17.70
2019-11-01 07:04:46 , 17.80
2019-11-01 07:05:18 , 17.80
2019-11-01 07:05:49 , 17.70
2019-11-01 07:06:20 , 17.80
2019-11-01 07:06:51 , 17.80
2019-11-01 07:07:23 , 17.80
2019-11-01 07:07:54 , 17.80
2019-11-01 07:08:25 , 17.80
2019-11-01 07:08:56 , 17.80
2019-11-01 07:09:28 , 17.80
2019-11-01 07:09:59 , 17.80
2019-11-01 07:10:30 , 17.80
2019-11-01 07:11:02 , 17.80
2019-11-01 07:11:33 , 17.80
2019-11-01 07:12:04 , 17.80
2019-11-01 07:12:35 , 17.80
2019-11-01 07:13:07 , 17.80
2019-11-01 07:13:38 , 17.80
2019-11-01 07:14:09 , 17.90
2019-11-01 07:14:40 , 18.00
2019-11-01 07:15:12 , 18.10
2019-11-01 07:15:43 , 18.20
2019-11-01 07:16:14 , 18.30
2019-11-01 07:16:45 , 18.50
2019-11-01 07:17:17 , 18.60
2019-11-01 07:17:48 , 18.70
2019-11-01 07:18:19 , 18.80
2019-11-01 07:18:50 , 18.80
2019-11-01 07:19:22 , 18.90
2019-11-01 07:19:53 , 19.00
2019-11-01 07:20:24 , 19.00
2019-11-01 07:20:55 , 19.10
2019-11-01 07:21:27 , 19.10
2019-11-01 07:21:58 , 19.10
2019-11-01 07:22:29 , 19.20
2019-11-01 07:23:00 , 19.20
2019-11-01 07:23:32 , 19.20
2019-11-01 07:24:03 , 19.30
2019-11-01 07:24:34 , 19.30
2019-11-01 07:25:05 , 19.30
2019-11-01 07:25:37 , 19.30
2019-11-01 07:26:08 , 19.40
2019-11-01 07:26:39 , 19.40
2019-11-01 07:27:10 , 19.30
2019-11-01 07:27:42 , 19.40
2019-11-01 07:28:13 , 19.40
2019-11-01 07:28:44 , 19.40
2019-11-01 07:29:15 , 19.30
2019-11-01 07:29:47 , 19.30
2019-11-01 07:30:18 , 19.40
2019-11-01 07:30:49 , 19.40
2019-11-01 07:31:20 , 19.30
2019-11-01 07:31:52 , 19.30
2019-11-01 07:32:25 , 19.30
2019-11-01 07:32:57 , 19.30
2019-11-01 07:33:28 , 19.30
2019-11-01 07:33:59 , 19.30
2019-11-01 07:34:30 , 19.30
2019-11-01 07:35:02 , 19.30
2019-11-01 07:35:33 , 19.30
2019-11-01 07:36:04 , 19.30
2019-11-01 07:36:35 , 19.30
2019-11-01 07:37:07 , 19.30
2019-11-01 07:37:38 , 19.30
2019-11-01 07:38:09 , 19.30
2019-11-01 07:38:40 , 19.20
2019-11-01 07:39:12 , 19.20
2019-11-01 07:39:43 , 19.20
2019-11-01 07:40:14 , 19.20
2019-11-01 07:40:45 , 19.20
2019-11-01 07:41:17 , 19.20
2019-11-01 07:41:48 , 19.10
2019-11-01 07:42:19 , 19.10
2019-11-01 07:42:50 , 19.20
2019-11-01 07:43:22 , 19.10
2019-11-01 07:43:53 , 19.10
2019-11-01 07:44:24 , 19.10
2019-11-01 07:44:55 , 19.10
2019-11-01 07:45:27 , 19.10
2019-11-01 07:45:58 , 19.00
2019-11-01 07:46:29 , 19.00
2019-11-01 07:47:00 , 19.00
2019-11-01 07:47:34 , 19.00
2019-11-01 07:48:08 , 19.00
2019-11-01 07:48:39 , 18.90
2019-11-01 07:49:10 , 19.00
2019-11-01 07:49:42 , 18.90
2019-11-01 07:50:13 , 18.90
2019-11-01 07:50:44 , 18.90
2019-11-01 07:51:16 , 18.90
2019-11-01 07:51:47 , 18.90
2019-11-01 07:52:18 , 18.90
2019-11-01 07:52:49 , 18.90
2019-11-01 07:53:21 , 18.80
2019-11-01 07:53:54 , 18.80
2019-11-01 07:54:26 , 18.80
2019-11-01 07:54:57 , 18.80
2019-11-01 07:55:28 , 18.80
2019-11-01 07:55:59 , 18.80
2019-11-01 07:56:31 , 18.80
2019-11-01 07:57:02 , 18.80
2019-11-01 07:57:33 , 18.90
2019-11-01 07:58:04 , 19.00
2019-11-01 07:58:36 , 19.20
2019-11-01 07:59:07 , 19.40
2019-11-01 07:59:38 , 19.60
2019-11-01 08:00:09 , 19.80
2019-11-01 08:00:41 , 19.90
2019-11-01 08:01:12 , 20.10
2019-11-01 08:01:43 , 20.20
2019-11-01 08:02:14 , 20.40
2019-11-01 08:02:46 , 20.40
2019-11-01 08:03:17 , 20.60
2019-11-01 08:03:48 , 20.60
2019-11-01 08:04:19 , 20.70
2019-11-01 08:04:51 , 20.80
2019-11-01 08:05:22 , 20.80
2019-11-01 08:05:53 , 20.80
2019-11-01 08:06:24 , 20.90
2019-11-01 08:06:56 , 21.00
2019-11-01 08:07:27 , 21.00
2019-11-01 08:07:58 , 21.00
2019-11-01 08:08:29 , 21.00
2019-11-01 08:09:01 , 21.00
2019-11-01 08:09:32 , 21.10
2019-11-01 08:10:03 , 21.10
2019-11-01 08:10:34 , 21.10
2019-11-01 08:11:06 , 21.10
2019-11-01 08:11:37 , 21.10
2019-11-01 08:12:08 , 21.10
2019-11-01 08:12:39 , 21.10
2019-11-01 08:13:11 , 21.10
2019-11-01 08:13:42 , 21.10
2019-11-01 08:14:13 , 21.10
2019-11-01 08:14:44 , 21.00
2019-11-01 08:15:16 , 21.00
2019-11-01 08:15:47 , 21.00
2019-11-01 08:16:18 , 21.00
2019-11-01 08:16:49 , 21.00
2019-11-01 08:17:21 , 21.00
2019-11-01 08:17:52 , 21.00
2019-11-01 08:18:23 , 21.00
2019-11-01 08:18:54 , 21.00
2019-11-01 08:19:26 , 21.00
2019-11-01 08:20:00 , 21.00
2019-11-01 08:20:31 , 21.00
2019-11-01 08:21:02 , 21.20
2019-11-01 08:21:33 , 21.30
2019-11-01 08:22:05 , 21.40
2019-11-01 08:22:36 , 21.50
2019-11-01 08:23:07 , 21.60
2019-11-01 08:23:38 , 21.70
2019-11-01 08:24:10 , 21.80
2019-11-01 08:24:41 , 21.90
2019-11-01 08:25:12 , 21.90
2019-11-01 08:25:43 , 22.00
2019-11-01 08:26:15 , 22.00
2019-11-01 08:26:46 , 22.00
2019-11-01 08:27:17 , 22.00
2019-11-01 08:27:48 , 22.10
2019-11-01 08:28:20 , 22.10
2019-11-01 08:28:51 , 22.10
2019-11-01 08:29:22 , 22.10
2019-11-01 08:29:53 , 22.10
2019-11-01 08:30:25 , 22.10
2019-11-01 08:30:56 , 22.10
2019-11-01 08:31:27 , 22.10
2019-11-01 08:31:58 , 22.10
2019-11-01 08:32:30 , 22.10
2019-11-01 08:33:01 , 22.10
2019-11-01 08:33:32 , 22.10
2019-11-01 08:34:03 , 22.10
2019-11-01 08:34:35 , 22.10
2019-11-01 08:35:06 , 22.10
2019-11-01 08:35:37 , 11.00
2019-11-01 08:36:08 , 22.00
2019-11-01 08:36:40 , 22.00
2019-11-01 08:37:11 , 21.90
2019-11-01 08:37:42 , 21.90
2019-11-01 08:38:13 , 21.90
2019-11-01 08:38:45 , 21.90
2019-11-01 08:39:16 , 21.90
2019-11-01 08:39:47 , 21.90
2019-11-01 08:40:18 , 21.80
2019-11-01 08:40:50 , 21.80
2019-11-01 08:41:21 , 21.80
2019-11-01 08:41:52 , 21.80
2019-11-01 08:42:23 , 21.70
2019-11-01 08:42:55 , 21.70
